Month,Revenue,MoM_Growth_%
2025-01,909400,
2025-02,1585525,74.34847151968332
2025-03,2627455,65.71514167231673
2025-04,1013025,-61.44462987948414
